user_id,username,role,full_name,year_of_joining,branch,region
1,0000,ADMIN,System Administrator,2015,Corporate Center,Head Office
2,1001,USER,Meerut City Branch,2016,Meerut City,Meerut Region
3,1002,USER,Meerut Cantt Branch,2022,Meerut Cantt,Meerut Region
4,1003,USER,Manzol Branch,2021,Manzol,Meerut Region
5,1004,USER,Modipuram Branch,2019,Modipuram,Meerut Region
6,1005,USER,Mawana Branch,2019,Mawana,Meerut Region
7,1006,USER,Hapur Branch,2022,Hapur,Meerut Region
8,1007,USER,Jaipur MI Road Branch,2016,Jaipur MI Road,Jaipur Region
9,1008,USER,Jaipur Vaishali Nagar Branch,2021,Jaipur Vaishali Nagar,Jaipur Region
10,1009,USER,Jaipur Mansarovar Branch,2017,Jaipur Mansarovar,Jaipur Region
11,1010,USER,Ajmer Station Road Branch,2016,Ajmer Station Road,Jaipur Region
12,1011,USER,Kota Station Area Branch,2020,Kota Station Area,Jaipur Region
13,1012,USER,Alwar Scheme 1 Branch,2023,Alwar Scheme 1,Jaipur Region
14,1013,USER,Delhi Karol Bagh Branch,2021,Delhi Karol Bagh,Delhi Region
15,1014,USER,Delhi Lajpat Nagar Branch,2022,Delhi Lajpat Nagar,Delhi Region
16,1015,USER,Delhi Rohini Branch,2021,Delhi Rohini,Delhi Region
17,1016,USER,Gurugram Sector 14 Branch,2022,Gurugram Sector 14,Delhi Region
18,1017,USER,Faridabad NIT Branch,2020,Faridabad NIT,Delhi Region
19,1018,USER,Ghaziabad Nehru Nagar Branch,2017,Ghaziabad Nehru Nagar,NCR East Region
20,1019,USER,Noida Sector 18 Branch,2022,Noida Sector 18,NCR East Region
21,1020,USER,Greater Noida Alpha Branch,2019,Greater Noida Alpha,NCR East Region
22,2001,APPROVER,Approver 2001,2017,Head Office,Head Office
23,2002,APPROVER,Approver 2002,2016,Head Office,Head Office
24,2003,APPROVER,Approver 2003,2015,Head Office,Head Office
25,2004,APPROVER,Approver 2004,2020,Head Office,Head Office
26,3001,MANAGER,Regional Manager,2016,,Mumbai Region
27,1006,USER,Hapur Branch (re-registered),2024,,
