branch,region,total,approved,rejected,pending,decided,approval_rate,rejection_rate,z_score,anomaly,volume_rank,quality_rank
Jaipur MI Road,Jaipur Region,1323,1040,263,20,1303,0.7981580966999232,0.20184190330007679,8.233873066758315,True,1,19
Meerut City,Meerut Region,883,796,78,9,874,0.9107551487414187,0.08924485125858128,-3.2834554870793027,False,2,2
Delhi Karol Bagh,Delhi Region,784,631,82,71,713,0.884992987377279,0.11500701262272095,-0.8935316441745946,False,3,14
Noida Sector 18,NCR East Region,775,695,73,7,768,0.9049479166666666,0.09505208333333337,-2.5931385888040173,False,4,3
Jaipur Vaishali Nagar,Jaipur Region,739,659,70,10,729,0.9039780521262003,0.0960219478737997,-2.4475601338052244,False,5,4
Delhi Lajpat Nagar,Delhi Region,692,566,66,60,632,0.8955696202531646,0.10443037974683544,-1.6421760913572807,False,6,8
Ghaziabad Nehru Nagar,NCR East Region,648,577,66,5,643,0.8973561430793157,0.10264385692068434,-1.792864462176402,False,7,7
Jaipur Mansarovar,Jaipur Region,638,549,82,7,631,0.8700475435816165,0.1299524564183835,0.29028511674589136,False,8,17
Hapur,Meerut Region,579,504,63,12,567,0.8888888888888888,0.11111111111111116,-1.07625278320011,False,9,12
Delhi Rohini,Delhi Region,577,448,63,66,511,0.8767123287671232,0.12328767123287676,-0.19259243121877662,False,10,15
Meerut Cantt,Meerut Region,560,493,63,4,556,0.8866906474820144,0.11330935251798557,-0.9096266593183913,False,11,13
Ajmer Station Road,Jaipur Region,516,444,63,9,507,0.8757396449704142,0.12426035502958577,-0.12586456876795382,False,12,16
Manzol,Meerut Region,492,343,144,5,487,0.704312114989733,0.295687885010267,11.272131653536952,True,13,20
Kota Station Area,Jaipur Region,490,435,49,6,484,0.8987603305785123,0.10123966942148765,-1.64853493211821,False,14,5
Modipuram,Meerut Region,445,392,47,6,439,0.8929384965831435,0.1070615034168565,-1.2025946689151297,False,15,10
Faridabad NIT,Delhi Region,427,351,42,34,393,0.8931297709923665,0.10687022900763354,-1.1492674528104798,False,16,9
Alwar Scheme 1,Jaipur Region,418,371,42,5,413,0.8983050847457628,0.10169491525423724,-1.4949585580190976,False,17,6
Greater Noida Alpha,NCR East Region,379,337,41,1,378,0.8915343915343915,0.10846560846560849,-1.0336890315607468,False,18,11
Mawana,Meerut Region,351,293,50,8,343,0.8542274052478134,0.14577259475218662,1.0965834142877218,False,19,18
Gurugram Sector 14,Delhi Region,303,255,22,26,277,0.9205776173285198,0.07942238267148016,-2.3409167845015246,False,20,1
